{
    "accuracy": 0.9146341463414634,
    "precision": 0.9160358844967761,
    "recall": 0.9146341463414634,
    "f1_score": 0.9151774823803884
}